id,sentence,emotion
0,Girls are happy when they get flowers,happiness
1,His jaw dropped in disbelief when he saw the price of the concert tickets.,surprise
2,Sometimes the ugly stench makes me wanna throw up.,disgust
3,The foul odor from the garbage bin was disgusting.,disgust
4,"I can�t believe it, they lost the game in the last minute.",sadness
5,Feeling dismissed or belittled fuels my frustration.,anger
6,The food in that restaurant made me feel like vomiting.,disgust
7,John is really excited for the festival next week.,happiness
8,Having a colleague that is a freeloader. makes me feel let down.,sadness
9, Walking alone in the dark forest sends shivers down my spine and fills me with fear.,fear
10,I sprained my ankle,sadness
11,"I love waking up to a warm cup of coffee, knowing it's finally weekend.",happiness
12,"When I do not get something right the first time, I get frustrated.",sadness
13,A clear blue sky lifts my mood.,happiness
14,I told you a thousand times before to leave me alone and mind your own business!,anger
15,Paul started to resent Lola after all the broken promises.,sadness
16,The snake gave everyone a fright.,fear
17,Hearing footsteps behind her in the deserted street made her heart race with fear.,fear
18,My neighbor got nervous when there was a break-in at his house last night.,fear
19,Insects are crawling under my skeen,fear
20,The mere thought of ghosts wandering in the attic gives me goosebumps.,disgust
21,"I got rejected by the university I want to go to, I feel terrible.",sadness
22,That foul smell coming from the bin is enough to make anyone feel disgusted.,disgust
23,My parents are happy when they are at sea.,happiness
24,Rainy days make me feel depressed.,sadness
25,"The taste of the spoiled milk left a lingering disgust, reminding me to double-check expiration dates in the future.",disgust
26,"She bought a new house, so she is over the moon now.",happiness
27,I am enthusiastic about the new block!,happiness
28,She felt betrayed by her family.,sadness
29,I lost my temper and shouted at my dog for making a mess.,anger
30,"There is no time for anything here, just work and work.",sadness
31,It infuriates me when the trains get cancelled.,anger
32,Receiving an unexpected gift on a regular day filled me with wonder.,surprise
33,Stealing makes me furious.,anger
34,Hearing sudden noise from the attic at night makes my heart race with fear.  ,fear
35,Opening a box that has some old memorabilia ,surprise
36,He feels guilty for lying to her.,sadness
37,She was flabbergasted when she saw her favorite celebrity star in the mall.,surprise
38,I froze with fear when I saw a dark shape in the corner of the room.,fear
39,"I went to the dentist and it turned out he was a hedgehog, who would have expected that?",surprise
40,"Road jams are just frustrating, leaving me annoyed and impatient.",anger
41,The eerie silence in the old haunted house made my heart race with fear.,fear
42,Seeing animals in distress makes me cry.,sadness
43,I no longer have the will to live.,sadness
44,The mess from the carnival was revolting. ,disgust
45,I have fear of heights.,fear
46,They lost my parcel in transit !,anger
47,"Every morning, I feel lonely and can hardly eat because of too much stress.",sadness
48,The family cried when the grandfather passed away.,sadness
49,I'm worried about what grade I will receive for my exam.,fear
50,I have a strong aversion against vegetables.,sadness
51,When I loose my keys I get mad at myself.,anger
52,I can't believe you remembered my favourite song for karaoke night!,surprise
53,Kyle angrily closed the door when he was grounded by his parents.,anger
54,Repeatedly hitting the malfunctioning computer out of sheer anger only worsened the situation.,anger
55,Eerie sounds in the abandoned house intensified Mary's fear during the ghost tour.,fear
56,"Heart pounding, she hugged her knees tightly, fearing what lurked in the shadows.",fear
57,Jenna cringed at the overflowing trash bin's pungent odor in the neglected apartment.,disgust
58,I get anxious near the end of the block.,fear
59,The ending of the book surprised me.,surprise
60,Satisfaction from arriving home to your wife and 1 loving daughter is irreplaceable for most people.,happiness
61,Discovering a dent on his car caused an immediate surge of frustration. ,sadness
62,My friend cried watching a rom-com movie.,sadness
63,The plot twist at the end of the movie left us all in disbelief.,surprise
64,I felt surprised when I was told I am going to get promoted.,surprise
65,The way they treat each other is sickening.,disgust
66,We love to cook together every Sunday.,happiness
67,"The sound of thunder made him cower under the covers, gripped by irrational fear. ",fear
68,I'm repelled by people not using deodorant.,disgust
69,Seeing a car approaching faster than expected while crossing the road makes you sweat.,fear
70,Walking in the dark is really scary,fear
71,I often feel disgusted using the public restrooms.,disgust
72,Taste of tomatoes sickens me.,disgust
73,My sister is excited to watch the new Spiderman movie.,happiness
74,My friend came all the way from another continent to surprise me.,surprise
75,I was afraid that this would happen.,fear
76,"I lost my house in the casino, I feel bad about it.",sadness
77,Hearing her laughter echo through the house brought a sense of happiness that warmed every corner of my heart.,happiness
78,I love trying new activities.,happiness
79,The smell of rotten food in the trash can makes me gag.,disgust
80,I find it dusgusting when my kitchen is not cleaned.,disgust
81,I regret the things I said to you.,sadness
82,Seeing a big cockroach in the kitchen made me feel really grossed out.,disgust
83,He felt relieved after passing this block.,happiness
84,I can't believe how much you've grown since we last met!,surprise
85,Her mother was disappointed when her son started drinking after promising he wouldn't,sadness
86,Finding a bouquet of flowers on my doorstep left me happily taken aback.,happiness
87,I've been feeling blue ever since I moved.,sadness
88,After moving abroad Emily felt a deep sense of loneliness without her family nearby.,sadness
89,I was surprised to see my best friend with my ex.,surprise
90,"I hate eating broccoli, it is disgusting.",disgust
91,"The lonely puppy let out a plaintive whimper, expressing a profound feeling of abandonment and sorrow.",sadness
92,The cancellation of the event last minute was frustrating.,sadness
93,Thank you for the gift guys ! ,happiness
94,"Jake is proud he got a good grade for his essay,",happiness
95,They threatened to snitch on her.,sadness
96,I am glad to see you!,happiness
97,She got rejected for an internship.,sadness
98,I was distraught at the sight of the lost child.,sadness
99,I was amazed by her skillful singing!,surprise
100,I really like dancing at a party.,happiness
101,Anthony felt hurt when someone made fun of him.,sadness
102,When I see a spider I run the opposite direction,fear
103,I hate having to explain concepts multiple times over,anger
104,How on Earth is this correct?,anger
105,"When I'm scared, I always sit downstairs so I'm on guard.",fear
106,I was flabberghasted when my friends kept a suprise party for me,surprise
107,The size of that statue astonished me.,surprise
108,"It enfuriates me, when I don't win.",anger
109,Failing to achieve my goals has left me feeling quite despondent.,sadness
110,I feel sad when I know I have to wake up early the next day.,sadness
111,Spending time with friends is so fun!,happiness
112,The lack of accountability in certain situations makes me seethe with frustration.,sadness
113,Get out of the classroom!,anger
114,I am extremely proud of this achievement!,happiness
115,Seeing disregard for the environment fills me with a sense of revulsion.,disgust
116,"Feeling lonely in a crowded room, she struggled to hide the ache in her heart.",sadness
117,"I cannot believe that you booked this trip, it will be so much fun.",happiness
118,Brussel sprouts taste like dirt.,disgust
119,I'm afraid of swimming in deep waters.,fear
120,Why can't I ever seem to do anything right?!,anger
121,"Finding out someone had spread false rumors about me sparked an intense anger, demanding justice and correction.",anger
122,I am happy when I am spending time with my friends.,happiness
123,The man spat out his food when he saw it contained a hair.,disgust
124,Sam feels sick when he smells the stinky garbage.,disgust
125,The public feels betrayed by the minister's decision.,sadness
126,My friend was disgusted by the fact that some people don�t wash their hands after using the bathroom.,disgust
127,I was taken aback by the sudden thunderstorm after such a sunny day.,surprise
128,I love to drink a coffee in the morning!,happiness
129,"With a disgusted sigh, she hastily wiped the grime off her hands after touching the sticky doorknob.",disgust
130,The waitress seems to be very annoyed by her boss.,anger
131,What is that foul smell looming around the pasture?,disgust
132,I am scared that she will take my kids.,fear
133,Dropping my ice cream makes me feel sad.,sadness
134,The smell in here is disturbing.,disgust
135,Loosing a friend is an awful thing.,sadness
136,"She abhors injustice in any form, finding it utterly despicable.",sadness
137,"When the lights went out, the surprise birthday cake appeared, leaving me speechless.",surprise
138,Ben feels icky when someone runs their fingernail across the board.,disgust
139,I feel safe and content in your vicinity.,happiness
140,This trip ended up being way better than I thought.,surprise
141,Discovering hidden talents within oneself can be astonishing.,surprise
142,"Seeing the shadowy figure in the alley, a shiver ran down the boy's spine, fear intensifying in the dim light.",fear
143,"She was shivering, afraid she might break.",fear
144,Darkness scares me.,fear
145,I clenched my fists in rage when I saw the scratch on my brand new car.,anger
146,Seeing unleashed vicous dog approaching is terrifying ,fear
147,I'm out of coffee.,sadness
148,I get angry when I do not win my matches.,anger
149,I enjoy spending time with my family.,happiness
150,Can you stop doing that?,anger
151,I detest eating green milkshakes.,disgust
152,It was such a coincidence that my friend also goes to my class.,surprise
153,I am surprised by an unexpected meeting with an old acquaintance.,surprise
154,"The traffic was a nightmare, and it made me really upset.",sadness
155,I don't want to be here alone.,sadness
156,It makes my blood boil when people talk loudly on their phones in quiet public spaces.,anger
157,The sight of the towering waves during the storm terrified me.,fear
158,It's surprising that he gave up so easily.,surprise
159,It�s disappointing that we couldn�t spend more time together.,sadness
160,"Fists clenched, teeth gritted, she seethed with pent-up frustration.",anger
161,Being alone in a new place can make me feel anxious and vulnerable.,sadness
162,Not getting results I want after putting my soul into the task,sadness
163,I lose my temper when I see someone mistreating animals.,anger
164,I was suprised to see my parents stand next to the road.,surprise
165,I'm sad when I have to get up early.,sadness
166,I enjoy a cup of tea when it's cold outside.,happiness
167,The sudden thunderstorm caught us off guard during our picnic.,surprise
168,The students were confused about how to begin the task.,surprise
169,The ancient artifact was discovered right in our own backyard.,surprise
170,Stepping on a squishy banana peel made me cringe and want to wash my foot.,disgust
171,My heart raced with fear as I heard strange noises in my room.,fear
172,He worried about his soldier sons in the war.,fear
173,I was surprised by the test at school.,surprise
174,I finished the race in 1st position,happiness
175,The family gathered together in grief as they mourned the loss of their beloved pet.,sadness
176,All the children were in high spirits on the last day of school.,happiness
177,I get sad when I see a sick animal.,sadness
178,I love it when winter is over.,happiness
179,What annoys me is that they didn't let us in.,anger
180,"I felt scared when I got lost in the woods, with no one around.",fear
181,The sight and smell of rotten food in the refrigerator made her feel nauseous with disgust. ,disgust
182,"he slammed the door to his room, a testament the rage he was feeling.",anger
183,I am very hesitant to buy products from this street vendor.,surprise
184,Discovering a hidden talent for painting came as a delightful surprise to her. ,surprise
185,The warmth of the sun on my face fills me with joy.,happiness
186,My dog wags its tail vigorously and jumps around happily when it sees me.,happiness
187,My dog Betty always cheers me up.,happiness
188,It is nice when things end up being not to bad.,happiness
189,"The state of the public restroom was disgusting, there was toilet paper on the ground.",disgust
190,"The sharp retort sliced through the air, fueled by a boiling fury.",anger
191,Bungee jumping seems very scary,fear
192,I'm scared when I skydive at night.,fear
193,It is awful there are so many animals being abused.,sadness
194,Being disregarded when I'm talking,anger
195,I feel angry whenever I get blamed for actions I haven't commited,anger
196,It is his plesure to host this party.,happiness
197,Old friends' unexpected arrival turned Lisa's evening into a joyous surprise.,surprise
198,The slimy texture of the spoiled jelly on my sandwich was unpleasant.,disgust
199,I hate the feeling of hand cream or oil on my hands.,anger
200,The child sneezing in her face made her queasy.,disgust
201,I am very proud that I got a 10 on my math exams.,happiness
202,Hearing the lies spread about me ignited a fire of anger inside that I couldn't quench.,anger
203,The surprise birthday party my friends threw for me filled me joy.,happiness
204,It's terrifying to walk alone at night.,fear
205,I had to bite my tongue to stop myself from yelling in frustration.,anger
206,Billy was stunned to find his crush was in the same class as him.,surprise
207,He positively surprised her.,surprise
208,The audience gasped in surprise at the unexpected plot twist in the play.,surprise
209,A grimace twisted her features as she caught a whiff of the foul odor emanating from the garbage bin.,disgust
210,I walked on the street after carnaval and it's absolutely awful,sadness
211,Receiving an unexpected gift from a stranger in the mail left her pleasantly surprised and curious.,surprise
212,One of my friends has a fear of spiders.,fear
213,She was affraid to not oversleep.,fear
214,There's is no need to be resentful towards people with different opinions.,anger
215,I hate when my shoes are dirty.,anger
216,Memories of better times bring tears to my eyes.,sadness
217,I am excited for the holidays.,happiness
218,Why does it smell so bad in here?,disgust
219,It angers me when someone cuts the queue.,anger
220,I didn't expect my brother to knock on my door.,surprise
221,I love it when the warm sun of the summer shines on my face.,happiness
222,It's not fair that she passes and I don't.,anger
223,Being left behind in space,fear
224,I'm afraid of almost drowning at a obscure part of the ocean,fear
225,He is panicking that he might not pass the semester.,fear
226,I�ve been crying for days.,sadness
227,The abandoned teddy bear lay forgotten in the corner.,sadness
228,Seeing her name on the winner's list left her in shock.,surprise
229,They started panicking when they heard the Police sirens.,fear
230,I get happy when I get to sleep.,happiness
231,I've just won the annual marathon in my city!,happiness
232,He was hesitant to share his phone number.,fear
233,"My medicine has a side effect, which can make me feel agitated.",surprise
234,The man was shocked to see that his wife prepared a dinner for the two of them when he got back from a long day of work.,surprise
235,My dog was very excited when I started playing with him.,happiness
236,"Katie felt humaliated when her mother showed embarrassing pictures of her to her boyfriend,",sadness
237,The little boy was too afraid to enter the dark room.,fear
238,"The solitary figure sat on the park bench, lost in thoughts of his bleak situation.",sadness
239,I can't wait for us to go to Spain!,happiness
240,Watching sunsets relaxes me.,happiness
241,The strong smell of the rotten food repelled me from entering the kitchen.,disgust
242,letting opportuinity slip through fingers,sadness
243,I cried when I heard the song on the radio that reminded me of him.,sadness
244,My grandmom was really sad when my grandpa passed,sadness
245,"Blindfolded, she entered the room to find a group of friends and family shouting, ""Happy Birthday!"" � a delightful surprise party she never saw coming.",surprise
246,He felt alienated in his friend group.,sadness
247,My sister feels uncomfortable when strangers talk to her in the clubs.,sadness
248,"The unknown looms large, casting shadows of fear in my mind.",fear
249,I won Lotto,happiness
250,The rotten egg's smell made me feel gross.,disgust
251,"Wiping away tears, she whispered a final goodbye to a dear friend.",sadness
252,Luna can not bear if someone is impolite with the elderly people.,anger
253, Hugging my pet feels warm and loving.,happiness
254,My mother is the best mother in the world!,happiness
255,I feel fearful whenever a loud noise occurs around me,fear
256,The blatant disregard for the environment in the recent policy changes fueled an anger that was hard to shake off.,anger
257, Losing my old photographs brought tears to my eyes.,sadness
258,The father was yelling at the child because he got an insufficient grade in math class.,anger
259,I felt left out when my friends went off to do something together without me.,sadness
260,The dumpster reeks.,disgust
261,It enfuriates me when I am being treated unfairly.,anger
262,I feel surprised whenever someone I don't talk to often remembers my birthday,surprise
263,I get so mad whenever someone talks to loud when I'm having a conversation,anger
264,"Reading the final page of a story that had become a part of me, I was struck by a wave of sadness, knowing it was the end.",sadness
265,"When someone commented on my weight, I started to feel insecure.",sadness
266,People are terrified at the thought of death.,fear
267,I hate to see a hair in my food.,anger
268,John felt really uncomfortable when he had to present his findings after doing nothing.,fear
269,I am thankful for having such a lovely family.,happiness
270,I hate driving arround Sofia.,anger
271,I feel at ease when I can feel and taste the ocean breeze,happiness
272,I fear the never ending march of time.,fear
273,I was in awe of this country's beauty.,surprise
274,"She can't bear the thought of dirty, unwashed dishes.",disgust
275,Spending time with loved ones always brings a smile to my face.,happiness
276,They were delighted with the results.,happiness
277,"It was the worst gig ever, the seats were uncomfortable and music was too loud.",anger
278,She gags at the thought of eating slimy oysters.,disgust
279,"Lately, I have been feeling disconnected from others and unable to find joy in anything.",sadness
280,Maya felt joyful when she received a hug from her grandmother.,happiness
281,When the boulder fell on the road I stamped the break pedal out of fear.,fear
282,Going down to the basement is always terrifying.,fear
283,The unexpected arrival of guests left me pleasantly surprised.,surprise
284,"Wow, I can't believe you won the contest.",surprise
285,Funda cried her eyes out when she lost her puppy.,sadness
286,The woman was too stunned to speak.,surprise
287,I'm disgusted with the way she treated you.,disgust
288,I'm furious that someone took credit for my hard work.,anger
289,My heart broke when my girlfriend of five years and I split up.,sadness
290,I feel uneasy walking alone at night.,fear
291,The dirty dishes in the sink are utterly revolting.,disgust
292,That smell sickens me.,disgust
293,The freshmen are intimidated by the seniors.,fear
294,The sudden loud noise in the quiet room startled me.,fear
295,The man ran away when three big men wanted to fight with him.,fear
296,"Tom wandered through the empty school, feeling a heavy sadness in the echoing halls.",sadness
297,"After losing the game, he stormed out in a fit of rage.",anger
298,I was repulsed by the things I have seen on the internet.,disgust
299,He was delighted from the manners of the young lady.,happiness
300,I didn�t expect her to cut her hair so short.,surprise
301,My parents get angry at me when I do not listen them.,anger
302,The news of him leaving left me feeling utterly heartbroken.,sadness
303,I didn't expect the movie to end that way.,surprise
304,It's a incredibly pleasing coincidence whenever I run into a good friend on the road,happiness
305,I feel my blood boiling with anger when I'm listening to my boyfriend's excuses.,anger
306,He's sad about the assignment.,sadness
307,"There's one piece of cake left in the fridge, but it's all squished. I have the urge to eat it and not waste food.",disgust
308,I'm lonely when i smoke alone.,sadness
309,The sudden clap of thunder made me jump with surprise.,surprise
310,The presentation on monday is making me nervous.,fear
311,The experiment yielded results that defied all our expectations.,surprise
312,Unfair treatment at work fueled his simmering anger towards his boss.,anger
313,The news of the lottery win left him in a state of disbelief.,surprise
314,I fear of being lonely.,fear
315,"The friend I always hang out with said he does not want to hang out with me, this saddens me.",sadness
316,"At the top of the drop tower, I was terrified.",fear
317,My food order is 3 hours late !,anger
318,I love going to solo trips!,happiness
319,"He was afraid to admit his mistake, fearing the consequences of his actions.",fear
320,Her smile was so wide it almost lit up the entire room.,happiness
321,The policy will flabbergast most people.,disgust
322,Dealing with scammers,anger
323,The dumpster's odor made me frown as I took out the trash.,disgust
324,I was angry at my friend.,anger
325,I like when it rains,happiness
326,It's a bummer that I failed for biology exams again.,sadness
327,I always get angry when my flat mate whines about everything.,anger
328,"Dark, empty streets at night always make her feel nervous.",fear
329,The way he acted was really surprising.,surprise
330,The upcoming deadline is making me terrified. ,fear
331,I felt dejected when I received disappointing news about a internship opportunity.,sadness
332,it feels like a stab in the back when your partner cheats on you.,sadness
333,Look there is a cat on the road!,surprise
334,I like spending time volunteering.,happiness
335,Yesterday I felt so energetic to finish it.,happiness
336,Panic spread when news of a new COVID variant surfaced.,fear
337,The thought of returning to London filled her with dread.,fear
338,It's disgusting to find hair in your food. ,disgust
339,Walking alone at night brings shivers up my back.,fear
340,"As the last page turned, a tear fell, mourning the end of the story that had become her escape.",sadness
341,"I get tired, waking up so early every morning.",anger
342,It was terrifying watching that accident happen.,fear
343,My brother is furious when his favorite football team loses a match.,anger
344,I don't know what happened to me when the car fell in the water.,surprise
345,"The dog had his tail between his legs, trembling with fear.",fear
346,Moldy food disgusts me.,disgust
347,Scratching nails across certain surfaces makes me cringe.,anger
348, The unexpected creaking sound at home game me shivers.,fear
349, I love riding my bike to work!,happiness
350,I will cry if my puppy gets sick,sadness
351,I'm sad when I'm out of vodka.,sadness
352,All my friends are terrified of bugs.,fear
353,I'm sad whenever I am not included,sadness
354,Seeing my childhood friend in a city thousands of miles from home took me by complete surprise.,surprise
355,"The creaking floorboards at night filled his mind with unease, making sleep elusive.",fear
356,"That man is jumping with excitement, his face lit up with a wide grin, because he just won the lottery.",happiness
357,"As the curtains opened, the audience erupted in cheers, surprised by the celebrity guest making a special appearance in the school play.",surprise
358,Losing a cherished pet left him with a heavy heart and pangs of grief.,sadness
359,I enjoy spending time in the park.,happiness
360,The weight of loss sits heavy on my heart.,sadness
361,I was pleasantly surprised by how well my students performed on the test.,surprise
362,The sight and smell of the decaying food in the garbage makes her stomach churn.,disgust
363,The neighbour seems very downcast since they lost their cat.,sadness
364,"When someone picks their nose, she will be disgusted",disgust
365,Seeing a large dog unleashed makes her heart race.,anger
366,I love coming home to have my dog greet me,happiness
367,I'm speechless.,surprise
368,Finding mold in the corners of the shower stall grosses me out beyond words.,disgust
369,My boss was livid when he saw the reports from last month,anger
370,"Slamming the door, she vented her anger after a heated argument with her sibling.",anger
371,I don't think that is a good idea.,sadness
372,She feels left out by her friends.,sadness
373,I can't believe you forgot my birthday again; I'm absolutely fuming.,anger
374,It's disgusting when someone makes a mess and don't clean it up,disgust
375,I find it repulsive when people litter in beautiful natural parks.,anger
376,"The streets of Tilburg during carnaval are covered with garbage, puke and excrement.",disgust
377,The passing of my granddad made me very depressed,sadness
378,I love my job.,happiness
379,Looking at the garbage people throw in the street makes me sick.,disgust
380,When did the discount on energy drinks start?,happiness
381,I was so nervous when I heard my manager wanted to talk to me.,fear
382,"The sight of overripe, squashed fruit on the sidewalk is thoroughly unappetizing.",disgust
383,I am so done with this place.,anger
384,Lisa felt hurt when her classmates laughed at her mistake.,sadness
385,I despise people who commit any form of abuse.,anger
386,I was startled by her presence in the meeting.,surprise
387,Gazing at old photographs stirred up bittersweet memories of happier times. ,happiness
388,I really dislike kale,disgust
389,I think it's disgusting when people don't wash their hands after going to the bathroom.,disgust
390,Finding the movie I had been searching for months brought me an immense joy that I hadn't felt in a long time.,happiness
391,"After she passed away, this place felt so empty.",sadness
392,My mother was really angry with me.,anger
393,I got surprised for my birthday.,surprise
394,Everyone laughs when my uncle jokes around.,happiness
395,I am mad at her because her behaviour was impolite.,anger
396,It is neglectful to disregard the importance of dental care.,anger
397,It's so scary when someone almost hits you on the road.,fear
398,"Witnessing the northern lights dance across the sky for the first time was a breathtaking surprise, exceeding all expectations.",surprise
399,I like standing in the sun.,happiness
400,Thinking about meat production makes me sad.,sadness
401,I can't believe I listened to you.,anger
402,I love going on a walk in spring!,happiness
403,Seeing the injustice faced by vulnerable communities every day stoked a deep-seated anger and a desire to advocate for change.,anger
404,"After the argument, left him crying alone in his room.",sadness
405,I need to clean up after my dog pooped,disgust
406,It was a pleasant surprise when I found 20 euros in my back pocket!,surprise
407,I love eating cake.,happiness
408,I was taken aback when I discovered I had won the competition.,surprise
409,She wished for a better grade.,sadness
410,I recieved happy birthday from an acquaintance I don't talk with,surprise
411,His patience finally boiled over when the computer crashed for the third time that day.,anger
412,Hearing a loud noice makes me jump.,fear
413,The idea of using a dirty bathroom with no soap or toilet paper is horrifyingly disgusting.,disgust
414,Artists are enraged that AI is taking their jobs.,fear
415,His face turned red with rage as he discovered someone had tampered with his work without permission.,anger
416,I was so happy when I found my lost wallet.,happiness
417,He got very raged after finding out his girlfriend cheated on him.,anger
418,It is so frustrating when someone tells you to do something in an arrogant voice.,anger
419,I was so surprised when I found a letter in my mailbox today.,surprise
420,I get angry when I get a flat tire.,anger
421,"Heart racing, she stared in disbelief at the improbable sight unfolding before her eyes.",surprise
422,The rainy days match my gloomy mood perfectly.,happiness
423,Opening the door to find her long-lost friend standing on the doorstep left her speechless with surprise.,surprise
424,The mother was upset by the constant cries of her child.,sadness
425,I�m thankful for my parents.,happiness
426,The news of the natural disaster left a heavy weight on my heart.,sadness
427,I have finally found that coin I was looking for.,happiness
428,I hate the feeling when I have to bury my dead pets,anger
429,It made me really sad to see homeless people begging for food on the streets.,sadness
430,"At the end of this year, he was genuinely depressed.",sadness
431,I want to throw up when the meat I eat is chewy.,disgust
432,Witnessing acts of cruelty towards the vulnerable fills me with disgust.,disgust
433,Jason recoiled at the slimy texture of expired food he bit into unknowingly.,disgust
434,The boy smashed his desk when he died in the videogame.,anger
435,It's disgusting when someone sneezes in my face. ,disgust
436,None of my friend ever invite me to hang out.,sadness
437,I ran away out of fear when the clown ran at me.,fear
438,"Emily's mood matched the gray clouds outside, lost in thoughts of a broken friendship.",sadness
439,"My stomach turned over when I saw someone kick that dog, what a disgusting act.",anger
440,I love that we have so many international students in this university.,happiness
441,Walking through the dark alley at night fills me with a sense of dread.,fear
442,I'm very uncomfortable with the naked man in the park. ,disgust
443,I'm afraid of hurting pets that I care about,fear
444,The blatant disregard for the rules at the park made my blood boil with anger.,anger
445,I was heart-broken when the coffee machine broke.,sadness
446,He was sad because he dropped his sandwich upside down.,sadness
447,It's nice to see my plant growing.,happiness
448,Changing the baby's diaper made her nauseous.,disgust
449,The thought of social gatherings perturbs me.,fear
450,I was terrified when a guy was following me home at night.,fear
451,She was truly amazed by the output of this project.,surprise
452,It disgusts me when there is dirt in the sea.,disgust
453,I�m optimistic about this block.,happiness
454,Seeing my childhood friend at the reunion after decades was a surprise.,surprise
455,They really won the lottery?,surprise
456,My brother loves Nutella with pickles and I'm absolutely repelled by that. ,happiness
457,Public performance makes my heart race.,anger
458,I am surprised that you came,surprise
459,I was excited when I heard my name for the first place of the competition!,happiness
460,He was disheartened when he failed the important exam.,sadness
461,Rock climbing is scary,fear
462,"Whoa, another Windows update!",surprise
463,"There is so much to do, we will never be able to finish that.",sadness
464,I am dreading the visit to the doctor.,fear
465,This movie is very depressing to see.,sadness
466,The couple stormed off after hearing they weren't invited to the wedding.,anger
467,The haunting melody of the old piano cast a shadow of sadness over the room and its solitary player.,sadness
468,"Watching my friend succeed, puts a smile on my face.",happiness
469,Pool filters make me really uneasy and scared,fear
470,It makes me angry when no one is available to cover my shift.,anger
471,The view on the left is beautiful.,happiness
472,I can't stand people smoking near bus stops.,anger
473,People that play with gum in their mouth disgust me.,disgust
474,He has quite a temper when he plays games on his computer. ,anger
475,Emily's wave of disgust prompted a quick cleanup of the spoiled milk in the fridge.,disgust
476,My sister hates it when someone touches her stuff,anger
477,Someone did not take the trash out.,anger
478,"My brother announced he was having a baby, it was surprising.",surprise
479,Mark's hands shook with anxiety as he prepared to give a presentation in front of a large audience.,fear
480,He can't stand the stickiness of spilled soda on the floor.,disgust
481,Why are they always late?,anger
482,I was thrown off guard by the surprise party.,surprise
483,I was annoyed at my sister for using my clothes.,anger
484,I despise lying above all else; honesty is paramount to me.,anger
485,The flying boat really caught me off guard.,surprise
486,The chef is bitter that his dishes were disrespected.,anger
487,"You really need to clean here, everything is sticky.",disgust
488,I am angry.,anger
489,Do not talk to me like that you ungrateful kid!,anger
490,"At the sudden, loud bang, everyone in the room flinched in unison.",surprise
491,The scent of fresh flowers always brings her joy.,happiness
492,She started crying after she heard the news.,sadness
493,Unexpected encounters often lead to delightful surprises.,surprise
494,It was remarkable to see how quickly the tiny seedling grew into a towering tree.,surprise
495,Hearing the news about the promotion left me pleasantly astonished.,surprise
496,He was shocked when there was an exam today.,surprise
497,I cannot stand the smell of spoiled milk,disgust
498,Her constant lateness to meetings was beginning to really grate on me.,anger
499,The underdog team won against all odds in the final minutes of the game.,surprise
500,I panicked when he went over the speed limit. ,fear
501,Taking a moment to appreciate the beauty of nature lifts my spirits.,happiness
502,Finding money is a surprise.,surprise
503,Seeing cockroaches scatter out of a trashcan made me feel a wave of disgust.,disgust
504,"I broke my leg, it hurts.",sadness
505,I got amazing news today!,happiness
506,"As the train pulled away, taking him to a new life, a deep sadness settled over me, knowing things would never be the same.",sadness
507,Every creak of the floorboards sent a jolt of terror through her trembling frame.,fear
508,"I get nauseous by the smell of fish, because I was sick once eating it.",disgust
509,The chance of failing the exam fills me with dread.,fear
510,"When someone pretends to be an expert but turns out to be a fraud, it's infuriating.",anger
511,I really enjoy working 13 hours in the kitchen serving the same food over and over again.,happiness
512,I am afraid I will fail the test.,fear
513,My friend got aggressive when someone yelled at him.,anger
514,electricity parked when I plug in the charger,surprise
515,I get angry when I miss my train.,anger
516,Every time I come home I am full of joy.,happiness
517,After a fight with my best friend I feel hurt and powerless. ,sadness
518,I crashed my car and I want to cry.,sadness
519,"After this horror, I'm afraid to go outside.",fear
520,I didn't expect a birthday party,surprise
521,Eating mango makes my day better.,happiness
522,Her sudden appearance at the party was completely unexpected.,surprise
523,The sight of mold growing on the walls of the damp room was utterly abhorrent.,disgust
524,"Whoa, I passed the block!",surprise
525,The sudden thunderstorm caught everyone off guard.,surprise
526,I am scared.,fear
527,"I just saw someone eating a mouse, I almost fainted.",disgust
528,I am scared that my uncle will not recover after that accident. ,fear
529,I cannot stand it if someone chews with their mouth open.,disgust
530,Mike felt satisfied with his achievement.,happiness
531,I was shocked that my neighbor was actually a magician.,surprise
532,"The challenge before her was daunting, but she knew she had to face her fears to overcome it.",fear
533,We are so glad you found a new job.,happiness
534,It is such a pity that the main character of my series died.,sadness
535,Having someone appear where you did not expect anyone to be makes you jump,surprise
536,Receiving that long-awaited promotion at work made me incredibly happy.,happiness
537,I cringe at the sight of a hair in my food.,disgust
538,I am going to die alone.,sadness
539,My doctor told me anxious that I tested negative.,sadness
540,I felt really angry when she lied about plagiarizing my work.,anger
541,Being cut off in traffic triggered a sudden flare-up of intense anger.,anger
542,It's incredible to surpass expectations and achieve results beyond what was predicted.,surprise
543,Discovering a new book that captures my interest makes my day more exciting.,happiness
544,Someone has been following me down a dark alley.,fear
545,"She regretted not saying goodbye, a mistake that haunted her every night.",fear
546,"Whenever he hugs me, I feel like I'm in heaven.",happiness
547,Raindrops fell steadily from the gray sky as the sorrowing work week started again.,sadness
548,I love to think about space!,happiness
549,My friend sorrows over the loss of her cat.,sadness
550,I failed block E.,sadness
551,The sight of the blooming flowers in spring makes my heart happy.,happiness
552,"After sipping my coffee, I felt uneasy realizing I had used expired milk, making me grimace in discomfort.",disgust
553,I wasn't expecting the grade I got.,surprise
554,It icks me when people do not wash their hands regulaly.,disgust
555,Aron's heart raced with fear as she heard strange noises coming from the attic.,fear
556,"The sound of distant sirens echoed through the empty streets, a somber reminder of the tragedies that lurked in the shadows of the city.",fear
557,"The sight of the slimy, mould-covered walls of the abandoned house made me want to throw up. ",disgust
558,My friends love when I asked them questions about the things they like.,happiness
559,She is interested in learning Dutch.,happiness
560,The monkey gets really excited when it is fed a banana.,happiness
561,You betrayed me even though I trusted you with my life!,anger
562,"The moment the sun broke through the clouds, I couldn't help but smile.",happiness
563,"When I finally see my girlfriend after four months apart, I�ll jump for joy!",happiness
564,My dad gets disgusted when he sees people digging gold in their noses. ,disgust
565,He finds it nasty when someone leaves their dirty socks on the floor,disgust
566,Ralph jumped out of his skin when he heard the gunshot.,fear
567,The slimy texture of the food revolted me,disgust
568,Rachel boiled with anger discovering her project was plagiarized.,anger
569,The eerie silence in the abandoned building left me feeling uneasy.,fear
570,The gruesome scene in the movie turned my stomach.,disgust
571,Witnessing someone spit on the ground in public sends a wave of disgust through me.,disgust
572,I'm depressed because my boyfriend left me for a prettier woman. ,sadness
573,I never expected that you would be so tall,surprise
574,Winning the game brought a wave of joy over me!,happiness
575,The stench of garbage left to rot in the summer sun is enough to make anyone's stomach turn.,disgust
576,I was astonished by the paintings of Vincent van Gogh.,surprise
577,My grandma is happy when grandpa gives her flowers.,happiness
578,I feel lost and without a purpose in life...,sadness
579,She was crying a river when watching the movie.,sadness
580,"She was worried about Mike, because he stopped responding to her messages.  ",sadness
581,"The empty chair at the table during the holidays served as a stark reminder, enveloping me in a deep sadness.",sadness
582,I cried because my dad forgot my birthday.,sadness
583,Lily felt proud when she received her grade.,happiness
584,I am surprised.,surprise
585,Why would you spit on the floor ?,disgust
586,"The eerie silence enveloped her like a suffocating blanket, intensifying her sense of dread.",fear
587,The child had a sad look on his face while looking at his broken toy.,sadness
588,When his father abandoned him he felt really bad.,sadness
589,I watched a sad movie last night and still haven't recovered.,sadness
590,I am disgusted.,disgust
591,Stepping in a puddle of muddy water left him feeling utterly disgusted. ,disgust
592,Tom's jaw dropped when he discovered his favorite band's secret concert in the local venue.,surprise
593,I cry when I loose my toys.,sadness
594,I feel so happy when I hear this song!,happiness
595,"He walked alone, the empty streets echoing his heavy heart.",sadness
596,You startled me!,fear
597,I sometimes get really scared because of intrusive thoughts,fear
598,You are an awful person for doing this to me.,sadness
599,Getting a low grade gives me negative emotions,sadness
600,I just got fired from my job.,sadness
601,"Look, a double rainbow!",surprise
602,Getting sick and missing the party made me feel down and lonely.,sadness
603,I feel horrible whenever I don't succeed at doing something,anger
604,I can not stand it if someone snores.,disgust
605,Saying goodbye never gets easier.,sadness
606,I am so glad that I got this job. ,happiness
607,I find it very offended when my mother is too direct with me.,anger
608,I'm sad the last few days before my vacation ends.,sadness
609,I get nauseus from the smell of motor oil.,disgust
610,everybody was ecstatic to continue the party after the rain had stopted ,happiness
611,They were too stunned to speak when the management broke the news to them.,surprise
612,Riding a roller coaster is always really exciting.,happiness
613,I get frustrated when someone interrupts me while I'm talking.,anger
614,Soldering iron is free to use in library,happiness
615,It feels uncomfortable to sit in a cramped space in a classroom.,fear
616,Executive Disfunction makes me depressed.,sadness
617,"The quiet of the empty room echoed my loneliness, making me feel even more isolated.",sadness
618,I get angry when there is no organization.,anger
619,I feel nauseated when I step in something slimy and unknown on the sidewalk.,disgust
620,I feel sad when something doesn't go to plan,sadness
621,I felt guilty after storming out of this meeting.,sadness
622,My mother is finally relieved that surgery is over. ,happiness
623,The slimy texture of the food made me feel quite repulsed.,disgust
624,It's unbelievable to bump into you randomly like this!,surprise
625,He expressed his revulsion towards the whale hunting.,anger
626,The laughter of my dad fills me with happiness.,happiness
627,The thought of failing my exams is terrifying.,fear
628,"It's so frustrating when you're working on something and you hit a roadblock because something's missing, stalling your progress.",sadness
629,I am surprised whenever there's a active discount on products I want,surprise
630,She's so lonely .,sadness
631,The creaking noise upstairs when I'm home alone sends a chill down my spine.,fear
632,The rain-soaked teddy bear on the sidewalk left Emma with a deep sense of melancholy.,sadness
633,I was not expecting my boyfriend to surprise me with a cake on my birthday!,surprise
634,I got threatened in the center today.,fear
635,It's hard to be alone.,sadness
636,"Frustrated by a series of mishaps, she clenched her fists, feeling the heat of anger rising within her.",anger
637,I�m just really unhappy.,sadness
638,She felt disgusted when he made a move on her.,disgust
639,That tower is way taller than I expected.,surprise
640,I enjoy tears and suffering when there is purpose behind the activity.,happiness
641,I was so disgusted seeing a cockroach crawling over the kitchen floor.,disgust
642,The crowd panicked and stampeded for the exit.,fear
643,The feeling of stepping on something sticky and unknown on the floor is deeply unpleasant.,disgust
644,This song sucks !,anger
645,I am grossed out if someone sticks a gum under a table.,disgust
646,I hate it when it rains this much.,anger
647,I saw all the litter in the city and I was so disgusted.,disgust
648,I don't like when you are behaving like that!,anger
649,"What a coincidence to run into you here in the park, of all places!",surprise
650,Molded bread is a very disgusting sight.,disgust
651,He was surprised when he found out he wasn't the father.,surprise
652,His dropped ice cream made him sad on a hot afternoon.,sadness
653,The stench of the dump was unbearable when we passed by.,disgust
654,Accomplishing a long-term goal left him feeling a deep sense of contentment and fulfillment.,happiness
655,His condescending tone during our argument filled me with irritation.,anger
656,I am disgusted by the sound of that language.,disgust
657,I hate the way Valentina dresses.,anger
658,Hearing that song always brings back a wave of nostalgia and sadness.,sadness
659,My dad is proud of me when I do well in school.,happiness
660,I'm definitely not getting chills from sounds behind me in the dark with no light.,fear
661,I can't believe you remembered.,surprise
662,My dad gets worried whenever I offer to drive us to family gatherings.,fear
663,"The idea of getting lost in the vast, empty space of the ocean terrifies me.",sadness
664,She missed the sound of laughter that once filled her home.,happiness
665,The sun's gentle warmth and perfect temperature make it a day where neither sunglasses nor jackets are needed.,happiness
666,I loathe price inflation!,anger
667,I can't believe this.,surprise
668,She's excited about the upcoming concert.,happiness
669,Sarah beamed with happiness as she unwrapped the long-awaited book gift.,happiness
670,I hate when my roommate throws my laundry on the floor!,anger
671,I hate my landlord.,anger
672,Walking alone in the dark alley sent shivers of fear down her spine. ,fear
673,The news of her grandmother's passing engulfed her in profound sadness. ,sadness
674,I flabbergasted the president with my question.,surprise
675,I am amazed by the beautiful flowers growing in my grandma's garden.,happiness
676,Witnessing acts of kindness in the world fills me with happiness.,happiness
677,I felt so excited for this trip.,happiness
678,I get enraged when traffic makes me late for work.,anger
679,"Couples twirled on the dance floor, their smiles radiating pure happiness.",happiness
680,The movie's sad ending left me with tears streaming down my face.,sadness
681,My grandmother is happy when I visit her. ,happiness
682,Injustice frustrates me immensely,anger
683,I really miss my friends.,sadness
684,I'm amazed you remembered our first date!,surprise
685,"The sudden turbulence during the flight sent a wave of fear through the passengers, reminding us of our vulnerability.",fear
686,I'm utterly disgusted by the lack of hygiene in public restrooms.,disgust
687,I get nightmares when I see clowns.,fear
688,My blood boils when I witness bullying or unfair treatment.,anger
689,I am shocked that there was an earthquake.,surprise
690,I feel disgusted whenever someone burps loudly,disgust
691,I get nauseous whenever I think about her.,fear
692,"The news of his promotion came as a complete surprise, as he had never mentioned it before.",surprise
693,Emma felt depressed when she lost her grandmother.,sadness
694,The sight of the rotten food made me sick to my stomach.,disgust
695,"Oh my god, I am so excited to meet you finally!",happiness
696,I am amazed I even made it this far.,happiness
697,A delighted squeal erupted from her lips as she unwrapped the mysterious gift.,surprise
698,I found a massive spider nest under my bed,surprise
699,I don't think we can deliver this presentation well.,sadness
700,The boss snapped at the employee for making multiple mistakes.,anger
701,A wave of nausea engulfed him.,disgust
702,I worry I will not pass the block.,fear
703,I love cats !,happiness
704,A loud thunk startled me in the middle of a forest.,fear
705,I get very anxious when I think about competitions.,fear
706,The sound of thunder makes me jump out of my skin!,fear
707,He felt uneasy in the owner's living room.,fear
708,The end of my favorite book left me feeling melancholy.,sadness
709,"Old friends shared laughter, creating a warm happiness during their reunion.",happiness
710,Unexpected loud noises make him jump every time.,fear
711,What are they going to do to us now?,fear
712,"Encountering endless problems while trying to fix something, only to ultimately fail, makes my blood boil.",anger
713,Witnessing an act of cruelty towards animals filled her with disgust towards humanity. ,disgust
714,David's eyes welled up with tears as he watched a sad movie.,sadness
715,Looking into spider eyes and fangs,disgust
716,I can't look at someone smoking cigarettes ugh.,disgust
717,"Critics reviled the new policy, calling it short-sighted and harmful to the community.",surprise
718,"I was stunned when I saw my childhood friend waiting for me at the airport, a surprise reunion after years apart.",surprise
719,"He forgot to take a shower, 2 weeks ago.",disgust
720,"When my laptop breaks without me making backups, it's a nightmare.",anger
721,I really appreciate your help; it made a huge difference.,happiness
722,It is a miracle I have not had a car accident yet.,surprise
723,"Tea with milk is a disgusting combination, I don't like it.",disgust
724,The thought of speaking in front of a large crowd paralyzes me with fear.,fear
725,The constant noise from the neighbor's party at 3 AM filled me with an intense fury.,anger
726,My anxiety grew when I did not hear back from my mom.,fear
727,The thought of being watched when I can't see anyone around makes my hair stand on end.,fear
728,Disgust flashed in her eyes as she watched the cockroach scuttle across the kitchen counter.,disgust
729,"Seeing the old, abandoned house, memories of better times flooded back, bringing tears to my eyes.",sadness
730,"My purse keeps sliding off my shoulder, it�s so annoying. ",anger
731,I was having a lovely chat with a friend while we walked home.,happiness
732,I get repulsed when people don�t follow basic table etiquette.,anger
733,I'm sad when I forgot to charge my phone. ,sadness
734,Tears welled up in her eyes as she remembered her childhood friend who had passed away.,sadness
735,The sight and smell of the spoiled milk in the refrigerator made my stomach churn with disgust.,disgust
736,"When I saw the dog wagging its tail as I approached, a surge of happiness washed over me.",happiness
737,Cat gets angry when I catch her and put her in air jail (holding her in the air while she can't do nothing about it),anger
738,People were stunned to find out that Pluto is not a planet.,surprise
739,I detest people listening to music on a train without headphones.,anger
740,My friends always worry about me when I respond late to texts.,fear
741,Many people are afraid of skydiving.,fear
742,I am drifting away in space without control,anger
743,Their treatment of the environment is downright disgusting.,disgust
744,I don't think oranges should be that color.,sadness
745,My friend felt offended when someone asked about her religion.,anger
746,"The creaking sounds in the empty house sent a shiver of fear down my spine, imagining unseen visitors in the dark.",fear
747,Sharing laughter with loved ones around a crackling bonfire created unforgettable memories. ,happiness
748,"Well, if the dams break, I'll just float away gracefully, no need to worry about my swimming skills!",fear
749,I'm so eager to meet my celebrity crush this friday!,happiness
750,The news of my dog passing left a void filled with an inconsolable sadness.,sadness
751,"Watching the sunset, she felt a deep longing for days that would never return.",sadness
752,I felt let down when my friend did not show up on time. ,anger
753,I was surprised to learn that he's moving abroad. ,surprise
754,The sudden appearance of a spider caused him to jump back in fear.,fear
755,Those children seem so happy playing in the swing.,happiness
756,Receiving a heartfelt compliment from a friend made his day brighter. ,happiness
757,It's so frustrating when it starts raining.,sadness
758,Emily's eyes sparkled with joy when she heard she could have a puppy.,happiness
759,My dog is wagling it's tail,happiness
760,I'm happy when I have time to watch cycling races.,happiness
761,I get sad whenever the week is over.,sadness
762,It's infuriating when people cancel plans at the last minute!,anger
763,I feel lonely when my friends leave ,sadness
764,The child's face lit up with delight as they unwrapped a thoughtful and unexpected gift on their birthday.,surprise
765,He felt great grief when losing his father,sadness
766,Someone pointed their gun at my forehead and I immediately felt panicky.,fear
767,The constant upstairs noise pushed him to anger.,anger
768, She looked at him with revulsion.,disgust
769,Receiving an unexpected gift brings a smile to my face.,surprise
770,"I have won a lottery, but my daughter died day after, which led to a downwards spiral in the upcoming months, when my brother committed suicide followed by my daughter. I have psychopathic tendencies, so it saddens me, but it's okay.",sadness
771,Winning the surprise lottery ticket left me astonished at my luck.,surprise
772,The concert yesterday was ecstatic.,happiness
773,The sight of the moldy bread left me feeling grossed out.,disgust
774,Hearing strange noises outside my window gives me the creeps.,fear
775,They were startled by the strange noise.,fear
776,Discovering the unfair treatment she received at work ignited a fire of anger within me that I struggled to contain.,anger
777,I always feel empty inside after a festival.,sadness
778,I love the feeling of a nice refreshing beverage after a hard days work,happiness
779,Seeing her name on the list of finalists for the prestigious award filled him with disbelief and surprise. ,surprise
780,I feel lonely when I drink wine all by myself. ,sadness
781,The protagonist was dumbfounded after discovering his nemesis was still alive.,surprise
782,The magician's final trick was so incredible it astonished the entire audience.,surprise
783,"Finding a hidden note in the library book was a small but delightful surprise, connecting me to a stranger's kindness.",surprise
784,The late delivery of my package has left me really angry.,anger
785,The error in my code caught me of guard.,surprise
786,The smell that hangs inside a donkey stall is enough to make most stomachs turn.,disgust
787,I am frightened that I might get mugged at night.,fear
788,I'm stuck in sewage pipe,fear
789,My dad gets angry when I don't do my laundry.,anger
790,I cried when my cat died.,sadness
791,Alex felt powerless to change the situation as he watched his friend struggle.,sadness
792,Grieving the absence of someone dearly missed is a difficult journey.,sadness
793,I am sad.,sadness
794,It infuriates me when someone cuts me off while talking.,anger
795,"Every time she thought about the upcoming vacation, a sense of excitement bubbled up inside her.",happiness
796,The sight of the overflowing dumpster behind the restaurant was truly detestable.,disgust
797,What an unexpected finale ! ,surprise
798,The sight of the steep drop from the edge of the cliff made my legs tremble uncontrollably.,fear
799,Constant interruptions in the meeting fueled John's anger.,anger
800,My plane lost all engines,fear
801,Seeing my team win the championship filled me with pure happiness.,happiness
802,I am disgusted by you.,disgust
803,Winning the lottery was a real cause for celebration.,happiness
804,My anger at him is so bad that I want to burn all our photos.,anger
805,I always feel down when I think about my deceased dog.,sadness
806,I'm shocked that my sister is having a baby.,surprise
807,I got frustrated when my cake burned.,sadness
808,I am disgusted by criminals everytime I see them on TV.,disgust
809,I am full of rage after the results of today's match.,anger
810,"No way, I won the lottery!",surprise
811,"They planned a surprise birthday party for her, and she had no idea until she walked into the room.",surprise
812,"Every word spat out was laced with venom, dripping with resentment.",anger
813,I'm scared when I swim in the ocean and see sharks.,fear
814,I'm afraid of an earthquake when I'm in a skyscraper.,fear
815,I hate sweaty people.,anger
816,Seeing someone spit is disgusting.,disgust
817,My cousin is happy when the weather is snowy and he can ski.,happiness
818,Sally's heart skipped a beat as her childhood friend tapped her on the shoulder at the crowded airport.,surprise
819,"I can't stand even thinking about spiders, it is in my genes, it makes me shake uncontrollably.",disgust
820,It makes me sad when I have to do chores.,sadness
821,"Sometimes it's hard to control the surge of anger, but I strive to channel it constructively.",anger
822,The traffic lights are changing unusually quickly today.,anger
823,Brian felt left out when his friends did not invite him to hang out.,sadness
824,"To this day, he still feels grief.",sadness
825,"I avoid going to the public bathroom, because they are usually not clean.",disgust
826,I can't stand people that eat meat! They repel me,disgust
827,Accomplishing a challenging task  leaves me feeling both satisfied and proud.,happiness
828,I love the feeling of having a warm cup of tea in a cold day.,happiness
829,My sister likes to watch anime.,happiness
830,Centipedes freak me out.,fear
831,Seeing someone litter in a pristine natural area sparks an anger in me that's hard to quell.,anger
832,My boyfriend and I have been told that we are getting a puppy today!,surprise
833,I like the feeling of accomplishment.,happiness
834,I hate when my ice cream melts in summer. ,anger
835,He was inspired by her speech. ,happiness
836,My eyes tear up every time I think about birds dying on plastic.,sadness
837,I'm very interested in the book I got for my birthday. ,happiness
838,I am so frustrated right now.,sadness
839,It makes me angry when I'm stuck in traffic.,anger
840,She felt bitter when her friend made a distasteful comment about her new dress.,anger
841,The smell emanating from the neglected refrigerator was enough to induce a strong feeling of disgust and a quick retreat.,disgust
842,"I hate touching the garbage, it's filthy.",disgust
843,I'm so tired of people making fun of me. ,sadness
844,She recoiled in disgust at the sight of the moldy food lurking in the back of the refrigerator.,disgust
845,The sudden loud noise in the dark alley made me jump in fear.,fear
846,The day we run out of coffee really gets me thinking.,sadness
847,I received double the amount of bonuses than I presumed.,surprise
848,My mother likes to create schedules,happiness
849,I just completed 20km bike ride,happiness
850,The nauseating sound of someone slurping soup at the dinner table instantly repelled my dad.,disgust
851,"The unexpected promotion left him wide-eyed and speechless, a pleasant surprise in the midst of a regular workday.",surprise
852,Seeing flies eat food is gross.,disgust
853,I wish it wasn't so windy outside.,sadness
854,The test was really confusing for some people.,surprise
855,I really did not expect that farewell party.,surprise
856,Feeling vulnerable in unfamiliar territory can be paralyzing.,fear
857,Finding a cockroach crawling in the kitchen sink evoked a visceral sense of disgust and repulsion.,disgust
858,I am surprised you are still here.,surprise
859,"A breakup is always a tough pill to swallow, and it's left me feeling really down.",sadness
860,My sister gets irritated when people are walking slow in front of her.,anger
861,Spotting a shooting star during the meteor shower was a delightful and magical astonishment.,surprise
862,I was in shock when my friend told me that my boyfriend was cheating on me.,surprise
863,What a surprise!,surprise
864,This weather is making me melancholic. ,sadness
865,Seeing someone litter in such a beautiful park is truly disgusting.,disgust
866,They couldn't believe they won the competition,surprise
867,having to clean up a drain that is clogged with hair,disgust
868,The sight of chewed-up gum under tables makes his skin crawl.,disgust
869,The audience were amazed at the girls beautiful singing.,surprise
870,"Betrayal cuts deep, leaving behind a trail of anger.",anger
871,They scoffed at the idea that the project could be completed in a week.,happiness
872,They are repulsed by the idea of eating insects.,disgust
873,I'm confident we are going to have a great summer holiday!,happiness
874,Do I really have to do this?,anger
875,I feel very excited every time I meet my friends especially when I haven't seen them in a while.,happiness
876,I feel depressed when I have to fill my logs at the end of the block.,sadness
877,I never would have expected that she would do this.,surprise
878,He felt a surge of anxiety.,sadness
879,"I wanted to break up with my boyfriend, but he broke up with me before I told him.",sadness
880,I get sad when I don't have any more candy,sadness
881,I get aggressive when I see someone ignoring their kid.,anger
882,I'm turned off by people who lie.,disgust
883,I was disappointed by my rejection from Harvard.,sadness
884,Jane felt a wave of sadness reading her friend's farewell letter.,sadness
885,Waking up early for a 12+ hour work day is very unfortunate.,sadness
886,Meeting with friends is fun.,happiness
887,Injustice ignites a fire within me that's hard to quench.,anger
888,"Finding the old, forgotten letter in the book was an unexpected delight.",surprise
889,I passed my exams,happiness
890,"Children's laughter filled the park, spreading joy to all.",happiness
891,I get irritated when we lose a LOL game.,anger
892,"Ignored requests tested Sarah's patience, triggering a burst of anger.",anger
893,Unexpected twists and turns in a story keep me on the edge of my seat.,surprise
894,Winning the game made him jump with excitement.,happiness
895,The sudden appearance of a rainbow after the storm left me speechless.,surprise
896,Feeling deceived by someone I trusted leaves me feeling repulsed.,sadness
897,The view is so amazing that I don't know what to say.,surprise
898,Finding a handwritten letter from a long-lost friend was truly surprising.,surprise
899,How is this one working better than mine?,surprise
900,it enrages me whenever a movie or show doesn't follow a single plot line through,anger
901,Egg mustard is disgusting.,disgust
902,They were so passionate about this project.,happiness
903,The first sunny day after a long grey winter made me happy.,happiness
904,I reconsidered taking a swim once I saw how dirty the water at the public swimming pool is.,disgust
905,Getting punched in the face like that makes my blood boil.,anger
906,"Eyes narrowed into icy daggers, burning with indignation.",anger
907,Jade gets really annoyed when her roommate does not clean up after himself.,anger
908,It's so frustrating when your code keeps giving errors!,anger
909,I tend to get really irritated when things don't go my way.,anger
910,"I thought I was hoping for the worst, it turned out to be even worse.",surprise
911,I am happy because I won the lottery.,happiness
912,The news of his departure left a deep sadness in our hearts.,sadness
913,Spring is a wonderful season.,happiness
914,I am afraid of big snakes like pythons.,fear
915,The death of his brother left him completely perplexed.,sadness
916,I hate that public transportation always has delays when I need to go to school.,anger
917,Rachel was afraid that Ross was going to cheat while they were on a break.,fear
918,The smell of coffee in the morning is wonderful.,happiness
919,I get happy when I'm gaming,happiness
920,"He felt a deep sense of loathing towards the spoiled, rotten food in the fridge.",disgust
921,It makes me feel so joyful when I'm on holiday.,happiness
922,I find it revolting when someone sticks their finger up their nose.,disgust
923,This food was far overdue it was so nasty.,disgust
924,COVID-19 has brought great depression upon humanity.,sadness
925,I get angry when someone isn't honest,anger
926,I found myself in an uncomfortable situation at my friend's party. ,sadness
927,The carnival lasts 5 days?!,surprise
928,I don't want to go to sleep because of the previous nightmare.,sadness
929,I feel sad because I know I shouldn't drink coffee every day,sadness
930,Jack felt melancholic every time he called his grandparents.,sadness
931,When John died I felt really bad.,sadness
932,The last song in the concert left me speechless.,surprise
933,They grieved about the lose of their beloved dog.,sadness
934,"I need to be under constant pressure and stress, because I feel like my life would fall apart as a consequence of crippling boredom. ",sadness
935,I really don't want to stay here any longer.,anger
936,He got so mad when someone punched him in the face.,anger
937,He likes when his mom cooks.,happiness
938,I always laugh when I think about last summer.,happiness
939,Water outlet is clogged with hair,disgust
940,He cries every time it snows.,sadness
941,"The twist at the end of the movie was so unexpected, it left me in awe.",surprise
942,The creaking noise upstairs when I'm alone sends chills down my spine.,fear
943,"My father always has to leave, when rap music starts playing, he detests it.",anger
944,The flu has me feeling as miserable as ever.,sadness
945,"When I'm driving, other drivers will annoy me",anger
946,"I am honestly on the edge of throwing up, do not show me that video ever again.",disgust
947,The news of her passing left a heavy sadness in my heart.,sadness
948,I am somber whenever my favorite ice cream is out of stock.,sadness
949, Seeing injustice in the world fills me with righteous anger.,anger
950,"In sports, happiness reigns when teammates prioritize teamwork over ego, uniting for victory as one.",happiness
951,Thinking about the upcoming exam makes me feel anxious and jittery.,fear
952,I love it when the weekend starts,happiness
953,I get frustrated when my roommates are not clearing after themselves.,anger
954,I was surprised when a bouquet of flowers arrived on my doorstep,surprise
955,She was too stunned to speak when she saw the married couple.,surprise
956,"She resented being overlooked for the promotion, her bitterness growing each day.",anger
957,My mom was stunned by the gift she received this morning.,surprise
958,He was amazed by the show put up by his favourite band.,happiness
959,I'm scared that someone is looking inside my window. ,fear
960,"I went to Zakopane, it was great!",happiness
961,"Sarah's eyes widened in fear at the shadowy figure in the alley, prompting her to quicken her pace.",fear
962, It would definitely be difficult if there were to be a war.,sadness
963,I love taking a walk during the evenning!,happiness
964,I was very grateful for the opportunity to meet the president.,happiness
965,"The news of the unexpected event shocked the community, leaving many in disbelief.",surprise
966,Finding her car scratched left her seething with frustration.,anger
967,?he bad smell repels me.,disgust
968,A gasp escaped her lips as she stumbled upon the unexpected treasure hidden in the attic.,surprise
969,I never saw that plot twist coming; it completely shocked me.,surprise
970,I feel so lonely when my friends do not have time to meet.,sadness
971,I jump in fear when I heard the unexpected loud explosion in my neighborhood.,fear
972,She spent the night fretting about the impending storm.,fear
973,I dance when I'm at the beach with my friends.,happiness
974,I didn't expect to pass my year,surprise
975,"Fortunately, I passed my exam.",happiness
976,What happened was so unexpected!,surprise
977,I have always been scared of rats.,fear
978,I am happy.,happiness
979,My cat died yesterday and it hurts me a lot.,sadness
980,My cousin is afraid of the dark.,fear
981,It's infuriating when people don't respect personal boundaries.,anger
982,The possibility of failing a test keeps him up at night.,fear
983,Losing my 4G signal when I need it the most makes me furious.,anger
984,I get a sick feeling when I step into water while wearing socks.,disgust
985,Mom raised her voice in anger when she found out her son had skipped school.,anger
986,Mona was truly appalled when I noticed a stranger coughing openly without covering their mouth,disgust
987,The milk has gone bad.,disgust
988,Ice cream on a hot day is pure bliss.,happiness
989,"The rainy day matches my mood, i am depressed.",sadness
990,The slimy texture of the overcooked vegetables made her stomach turn in revulsion.,disgust
991,Your constant interruptions are making me quite annoyed.,anger
992,The server not working is really getting on my nerves,anger
993,I feel overwhelmed with sadness,sadness
994,Hearing the howl of a wolf in the distance while camping made my heart race with fright.,fear
995,I hate it when I have to do software updates.,anger
996,It makes my blood boil when I am being interrupted.,anger
997,I'm hurt when people tell me smoking is bad.,sadness
998,I feel incredibly disgusted when someone leaves rotten food in a shared fridge,disgust
999,It is sad when there is nothing to eat.,sadness
1000,"The sight of the spoiled food repulsed her, and she quickly threw it away.",anger
1001,I was embarrassed when I tripped while walking.,sadness
1002,There's still a bit of ice cream left in the fridge.,happiness
1003,Tension simmered between the two colleagues.,anger
1004,Winning the lottery was such an unexpected turn of events that it took him a moment to register the reality.,surprise
1005,I am absolutely terrified by clowns. ,fear
1006,The sight and smell of spoiled food turn my stomach.,disgust
1007,Rainy days really crush my motivation and drive.,sadness
1008,He laughed so hard that tears started streaming down his cheeks.,happiness
1009,The feeling of being watched make me scared every time I go out at night.,fear
1010,Hearing that song always brings a feeling of nostalgia and sadness.,sadness
1011,It is great that I succeeded last block.,happiness
1012,Watching her child take their first steps brought tears of happiness to her eyes,happiness
1013,I feel like I'm being followed.,fear
1014,I am immensely grieving the death of my best friend.,sadness
1015,I wasn't expecting those prices.,surprise
1016,Losing my pet was a real source of sorrow for me.,sadness
1017,I don't even know what to say.,surprise
1018,The food I had yesterday was very gross.,disgust
1019,The twist at the end of the movie left everyone speechless.,surprise
1020,I like my new shoes they look good on me.,happiness
1021,It is a great day for a walk.,happiness
1022,I would panic if someone would whisper my name at night. ,fear
1023,I get scared when I have to cook in my girlfriend's kitchen!,fear
1024,seeing the sun set behind the mountains is always a joyfull site at the end of the day.,happiness
1025,I can't do it anymore.,anger
1026,"Ew, he hasn't showered in days.",disgust
1027,Rose felt the worst heartache of her life after the breakup.,sadness
1028,Children laugh and play in the nearby park and their joy could be heard all around.,happiness
1029,"The sudden announcement of a snow day brought a joyous surprise, changing our routine into an adventure.",surprise
1030,My father was in a good mood today.,happiness
1031,"Whenever it rains, my mood goes down.",sadness
1032,I was grossed out by his lack of hygiene.,disgust
1033,Being woken up at 3am by extremely strong bass of neighbour,anger
1034,The thought of public speaking fills me with paralyzing dread.,fear
1035,Computers working however it wants instead of how I want,anger
1036,The cause of the ancient civilization's disappearance continues to baffle archaeologists.,surprise
1037,Missing a flight fills me with rage.,anger
1038,Great heights make me feel jittery.,fear
1039,I get angry when I spill coffee on my clothes,anger
1040,My trash started decomposing,disgust
1041,Why does he always have to annoy me?,anger
1042,"The sudden bark of a dog in silence makes me jump out of my skin, adrenaline surging.",fear
1043,I feel nauseous when I think about raw food.,disgust
1044,I can't stand it when someone lies to me directly.,anger
1045,"His voice rose, sharp and cutting, each word slicing through the air.",anger
1046,Shivers ran down her spine as she heard footsteps approaching in the darkness.,fear
1047,The thought of losing loved ones fills me with dread.,sadness
1048,Opening the refrigerator and finding expired milk disgusted me.,disgust
1049,They feel grossed out when they see someone sneeze without covering their mouth.,disgust
1050,The gruesome halls of this forsaken hospital horrify me.,fear
1051,Watching the news is upsetting to me.,sadness
1052,People being increadibly stupid,anger
1053,Having a conversation with somebody that can not admit that they are wrong can make the conversation heated.,anger
1054,Watching a horror movie alone at night always makes me feel terrified.,fear
1055,I was shaken by the sudden change in her mood.,surprise
1056,My dogs get all jumpy and excited when I get home from work!,happiness
1057,"Thunderstorms always scare me, especially the loud thunder.",fear
1058,He feels annoyed when people ask him atupid questions.,anger
1059,I have no words to describe how excited I am for the future of AI.,happiness
1060,"It works now, let's go!",happiness
1061,I was taken aback by when the band announced their comeback.,surprise
1062,The kid always throws a tantrum when it's her bedtime.,anger
1063,My sister loves to sing,happiness
1064,"Watching a suspenseful movie, the anticipation of the unknown conjured an irrational fear, gripping my heart.",fear
1065,Seeing people cry makes me want to cry.,sadness
1066,"The idea of getting lost in the vast, empty desert terrified her more than anything.",fear
1067,I love it when Bitcoin pumps!,happiness
1068,I�ve been on cloud nine ever since I landed my dream job.,happiness
1069, What a coincidence to wear the same colour shirt!,surprise
1070,"Seeing an old picture reminded me of happier times, making me feel sad.",sadness
1071,It disgusted me to see my ex again.,disgust
1072,"My brother beats his wife on daily basis, my father always desperately yells at him while beating him up in return.",anger
1073,"His voice cracked as he tried to speak, the weight of his grief too heavy to bear.",sadness
1074,The sunny weather always lifts my spirit.,happiness
1075,My mom gets worried for my sister's career choices. ,fear
1076,I miss my family so much when I am away from them.,sadness
1077,"I am so sorry, that was my fault.",sadness
1078,The view from the mountaintop left me speechless.,surprise
1079,The sight of a rainbow after a heavy downpour filled her heart with pure joy. ,happiness
1080,I'm surprised when they give me a new car.,surprise
1081,The mere thought of public speaking filled her with loathing.,anger
1082,"I just ate some goulash, it was so good.",happiness
1083,Someone being late makes me angry.,anger
1084,We are meeting each other after such a long time.,happiness
1085,After the accident he was in shook for a couple of days.,surprise
1086,The idea of putting pineapple on pizza made him vomit.,disgust
1087,"Eyes wide with fear, she scanned the room for any sign of movement.",fear
1088,It annoys me so much that he doesn't want to answer my message.,anger
1089,I had a goodnights sleep,happiness
1090,I didn't expect flowers from you.,surprise
1091,She fumed silently in the corner after the argument.,anger
1092,The passing of their grandmother has left the family in great sorrow.,sadness
1093,I feel down when it rains.,sadness
1094,Why can't i be happy?,sadness
1095,How did you manage to do all this by yourself?,surprise
1096,"The thought of speaking in front of a large audience filled me with a paralyzing fear, doubting my own words.",fear
1097,I'm worried about my grandma.,sadness
1098,No one accepted my invitation.,sadness
1099,My friend was livid when I did not send her a message.,anger
1100,They were repelled by the putrid bodies of a school of dead fish.,disgust
1101,Getting on stage infront of a crowd makes my leg weak,fear
1102,I love playing with my dog!,happiness
1103,I'm enraged when I haven't influenced outcome as much as I could have.,anger
1104,I was surprised to see my sister at my apartment,surprise
1105,I'm so annoyed by the people talking in the cinema!,anger
1106,"Facing the towering roller coaster, Jake felt a mix of excitement and fear.",happiness
1107,She was judgemental of the selfish behavior displayed by her friend's group.,anger
1108,After John lost the football game he got really mad.,anger
1109,I feel sad when my car gets scratched.,sadness
1110,Hypocrisy and dishonesty leave a bitter taste in my mouth.,anger
1111,Just looking at him makes me throw up!,disgust
1112,I am the happiest person in the world!,happiness
1113,I feel like I�m on top of the world!,happiness
1114,I feel sad when I think of my hamster that passed away.,sadness
1115,My mother is proud of me because I cleaned my room.,happiness
1116,He is always incredibly anxious before important events.,fear
1117,"The constant, infrequent noise interrupting my sleep at night left me feeling utterly exhausted and frustrated.",anger
1118,I was disgusted by the slimy old food that my friend left in their fridge.,disgust
1119,Sam felt overwhelmed with all the attention on him.,sadness
1120,I am overwhelmed by the anxiety this work causes.,sadness
1121,I get scared when walking through alleys in the dark.,fear
1122,I am going to puke if I look at it again.,disgust
1123,I get mad when people yell at me for no reason.,anger
1124,It�s incredible that she managed to finish the project in just two days.,surprise
1125,My mother feels sad whenever she watches the notebook.,sadness
1126,Finding a handwritten note tucked into my book was a delightful surprise.,surprise
1127,"Sarah recoiled from the sticky, unclean surface of the public restroom doorknob.",disgust
1128,it makes me sad when I think about war-riden countries,sadness
1129,My teacher was confused when he saw two identical exams papers with my name on it.,surprise
1130,I remember being carefree as a kid.,happiness
1131,I smiled and laughed when I won a large amount of money in the casino.,happiness
1132,Mike failed the math test and felt very dissapointed.,sadness
1133,I feel depressed and tired every morning because of my mental health. ,sadness
1134,"When I jumped off the cliff, my girlfriend was shocked.",surprise
1135,"I studied so long for this exam, and I still failed.",sadness
1136, The constant noise from the construction site next door makes me feel increasingly angry.,anger
1137,A loud crash in the night sent shivers of fear down Emily's spine.,fear
1138,These thieves have committed several crimes that need to be brought to justice.,anger
1139,Last night I had a nightmare about zombies!,surprise
1140,I am bursting out of happiness right now!,happiness
1141,"The unexpected gift from a long-lost friend brought a pleasant surprise, rekindling old memories.",surprise
1142,Sharing a meal with loved ones always brings a smile to my face.,happiness
1143,I started crying when I lost my backpack.,sadness
1144,I was surprised when the power went out.,surprise
1145,Seeing my family after a long time brought me immense happiness.,happiness
1146,The jokes of my friends always crack me up.,happiness
1147,He stared in disbelief at the unexpected results of the test.,surprise
1148,I haven't anticipated this outcome.,surprise
1149,My kid threw a tantrum when he did not get candy for dinner.,anger
1150,I detest the sight of cockroaches crawling on the kitchen floor.,disgust
1151,Who added parsley to the food?!,anger
1152,I despise when the WIFI isn't working.,anger
1153,Sitting at the dentist makes me feel afraid.,fear
1154,The sound of people loudly slurping their drinks irritates her.,disgust
1155,I was so afraid when I saw the ghost appear that I ran away.,fear
1156,It's sad to see the East more advanced in tech than us.,sadness
1157,Charlie is enthusiastic to meet with her friends again.,happiness
1158,The creaking noises in the old house at night send chills down my spine.,fear
1159,Living on the other side of the globe from your hometown leads to loneliness in many students.,sadness
1160,Rosie feels content while she is drinking tea with a biscuit.,happiness
1161,I'm angry when I hit my head. ,anger
1162,This salad looks awful.,disgust
1163,I did not expect to pass the previous block. ,surprise
1164,The sight of a dirty bathroom filled me with disgust.,disgust
1165,It's such a shock to find out you're my new neighbour!,surprise
1166,Sarah felt disrespected when she was interrupted during the presentation.,anger
1167,That show was amazing !,happiness
1168,I�ve had such a wonderful and relaxing holiday.,happiness
1169,It's annoying when someone is so late.,anger
1170,I enjoy my free time.,happiness
1171,Mark clenched his fists when his computer crashed before a deadline.,anger
1172,I can't imagine climbing that high.,fear
1173,The sight of rotting food in the fridge made me gag with disgust.,disgust
1174,That's the last thing I expected.,surprise
1175,some people are afraid of heights,fear
1176,"Wow, I never thought you'd plan such a thoughtful surprise party!",surprise
1177,The repugnant behavior of some people is disgusting.,disgust
1178,I am crying because my cat died,sadness
1179,The smell of rotten fish from the kitchen made me gag.,disgust
1180,"After what he said, I felt very offended.",sadness
1181,My dog didn't greet me when I got home which offended me.,sadness
1182,I'm over the moon about passing my exams!,happiness
1183,I love light sea brize,happiness
1184,I can't stand it when someone talks over me in a conversation.,anger
1185,She was in terror after seeing that spider under the sink.,fear
1186,It makes me furious when my roomates forgets to flush.,disgust
1187,I cannot stand the noise of people eating with their mouth open.,anger
1188,"I was about to vomit from the moldy, decaying sandwich.",disgust
1189,Lisa's heart swelled with joy as her dog eagerly wagged its tail in reunion.,happiness
1190,I'm so grossed out by the way my brother eats chicken wings. ,disgust
1191,I sometimes get overwhelmed with the idea of being an adult.,sadness
1192,I hate when you do this!,anger
1193,Witnessing cruelty towards others fills me with rage.,anger
1194,Velvet was nervous for her first presentation.,fear
1195,Saying goodbye to a friend moving away filled me with sorrow.,sadness
1196,I feel a deep sense of loathing towards people who mistreat animals.,anger
1197,It was such a coincidence that we met in the store.,surprise
1198,I was pleasantly surprised by the kids at the carnival.,surprise
1199,"Watching the exploitation in the documentary, a profound disgust settled in, urging a call to action against such practices.",disgust
1200,"Workplace issues led to a heated argument, leaving everyone angry.",anger
1201,The end of the movie left me feeling heartbroken.,sadness
1202,"Every time I hear that song, it dredges up feelings of regret and melancholy from the past.",sadness
1203,I felt threatened when my stalker aggressively knocked on my door.,fear
1204,My sister announced her pregnancy!,surprise
1205,"The lost kitten mewed softly, creating a feeling of sadness in the neighborhood.",sadness
1206,I love coffee.,happiness
1207,The laughter of my friends fills me with joy.,happiness
1208,"He stormed out of the office, slamming the door behind him to make his fury known.",anger
1209,Sometimes it's hard to find hope in the midst of despair.,sadness
1210,I didn't expect the party.,surprise
1211,Her mother is grossed out by all the dog poo in the park.,disgust
1212,I was furious of my brother for locking me out of the house,anger
1213,Why is my teammate so bad at the game?!,anger
1214,I could puke if I see people with dirty fingernails. ,disgust
1215,"I get so frustrated when my flatmate does not clean his dishes, leaving a mess for days.",anger
1216,We are eagerly awaiting the big announcement from FromSoftware.,anger
1217,I am happy to help!,happiness
1218,Seeing my friends always brightens my day!,happiness
1219,I'm sad when there is no promotions on Spar cookies.,sadness
1220,I had a jolly time reading your book recommendation.,happiness
1221,I get angry when people abuse animals.,anger
1222,He couldn't hide his detest for the taste of licorice.,disgust
1223,He was ashamed after they found out he cheated on the test.,sadness
1224,She did not expect her test results,surprise
1225,Hearing false rumors being spread about her ignited a fiery rage within her.,anger
1226,I hate having cat allergies ,anger
1227,She lamented the missed opportunities.,sadness
1228,"When my grandfather died, I secretly mourned over his paintings.",sadness
1229,The sorrow in his eyes was unmistakable as he spoke of his childhood memories.,sadness
1230,This movie shook me to the core.,fear
1231,I am annoyed that my brother didn't wash his dishes.,anger
1232,This abandoned cemetery radiates a gloomy atmosphere.,fear
1233,I was flabbergasted by the aerobatic spectacle.,surprise
1234,"I get shivers when I see a spider in the bathroom, frozen in place until it's out of sight.",fear
1235,I'm full of anticipation for this upcoming movie trilogy!,happiness
1236,Accomplishing a goal I've been working towards makes my heart sing.,happiness
1237,When I hear thunder I feel scared.,fear
1238,My girlfriend always laughs at my jokes.,happiness
1239,Turning the corner and bumping into an old classmate in a foreign city was a surprise that left us both speechless.,surprise
1240,I hate it when people don't clean after their dogs.,anger
1241,My parents love when I get back home for holidays.,happiness
1242,"I won the race, I'm very happy about it.",happiness
1243,I cried reading a story about forbidden love.,sadness
1244,Finding a hair in my soup caused a wave of disgust to wash over me.,disgust
1245,Mark felt profound happiness celebrating his birthday with friends and family.,happiness
1246,"There is nothing we can do here, we have to give up.",sadness
1247,I never imagined to find my lost dog in the park.,surprise
1248,"Each sip of coffee fills my heart with joy, lifting my spirits and energizing my day.",happiness
1249,It felt so good snuggling up with a cozy blanket and a good book on a rainy day.,happiness
1250,I get frustrated when my friends cancel their plans with me in the last moment.,anger
1251,The smell of rotten meat makes me gag,disgust
1252,Drinking sparkling water is gross.,disgust
1253,I tend to isolate myself when I am not very confident about a particular task.,sadness
1254,"The load feels overwhelming, pushing me to my limits.",sadness
1255,Yesterday I saw a beautiful butterfly.,happiness
1256,I feel like puking everytime I eat peas.,disgust
1257,Hearing noises that are not familiar at night makes me fearfull,fear
1258,The teacher was very unpleased by the behaviour of my son.,sadness
1259,His project�s idea was truly astonishing.,surprise
1260,I feel sad when I have to miss practice when I am sick.,sadness
1261, Constant interruptions at work leave me feeling frustrated and unable to focus.,anger
1262,She felt offended by his rude comment.,anger
1263,The plot twist at the end of the movie caught me completely off guard.,surprise
1264,"The injustice of the situation made me seethe with anger, longing for fairness.",anger
1265,It�s frustrating that I can�t seem to understand this topic.,anger
1266,He slammed the door in a fit of rage over the unfair decision.,anger
1267,Emma got really sad after she found out her drawing got torn.,sadness
1268,The sunset made Sarah feel peaceful as she sat by the lake.,happiness
1269,"I felt intimidated by the elephant, being so up close to me.",fear
1270,I was anxious when I was walking alone through the forest.,fear
1271,I am sometimes insecure about my future due to the constant change in society.,fear
1272,The teacher is furious because the class won't stay quiet.,anger
1273,I get enraged when my flatmates can't keep down when I'm trying to sleep,anger
1274,My sister was really happy when she won her first chess competition.,happiness
1275,The horror movie contained an unexpected jumpscare.,fear
1276,The taste of that new recipe was so awful; it made me feel disgusted.,disgust
1277,The anticipation of bad news when the doctor calls is almost paralyzing.,fear
1278,"Walking alone on a foggy night, the eerie silence enveloped me in a blanket of fear, making every shadow suspicious.",fear
1279,Everyone seems happy today because it's sunny outside.,happiness
1280,"As the plane landed in their dream destination, they clasped hands, their eyes sparkling with anticipation.",surprise
1281,I am shocked that my mother would say that to me.,surprise
1282,He's scared of public speaking.,fear
1283,I hate loud obnoxious children in public transport.,anger
1284,I feel nauseous whenever I smell garbage left out in the sun.,disgust
1285,The child awoke in a state of great terror.,fear
1286,"Watching the sunset brings peace of mind, clearing and refreshing the brain, like a reset button for the soul.",happiness
1287,It's incredibly revolting when a rotten cheese oozes onto my arm when I clean it up,disgust
1288,I'm happy when the weather is sunny and I can ride my bike.,happiness
1289,Stubbing my toes against a cabinet makes me want to use foul or harmfull language.,anger
1290,I immediately went silent when I was proposed to in the middle of the street.,surprise
1291,I'm afraid to go to the dentist.,fear
1292,I'm thrilled about the new action movie coming out this summer. ,happiness
1293,I feel anxious when it's presentation day.,fear
1294,I'm amazed at how well the universe is constructed.,happiness
1295,They were threatened by the person robbing the bank.,fear
1296,The woman had tears of joy when her man asked her to marry him.,happiness
1297,I get disgusted when someone tried to get to much attention.,disgust
1298,I'm angry when I am losing the game.,anger
1299,I got a low grade on my exam. ,sadness
1300,Discovering the secret ingredient in the recipe left me astonished.,surprise
1301,The way he acted really made me question his personality.,sadness
1302,I get angry when my roommates don't wash their dishes.,anger
1303,Sarah could not find the words when she heard her father was in an accident.,sadness
1304,Timmy felt anxious as he waited for the exam results to be announced.,fear
1305,I enjoy sitting by the river and listening to the nature.,happiness
1306,"Hearing a sudden loud noise, the girl jumped, fear gripping her as she scanned the surroundings.",fear
1307,Facing my deepest fears takes courage I didn't know I had.,fear
1308,my friend broke his neck,sadness
1309,"He threw the book across the room, frustration boiling over into action.",anger
1310,I'm scared of wasps.,fear
1311,My sister felt guilty for eating my portion of the cake.,sadness
1312,"With friends who share our goals and mindset, every step forward is a joyful adventure towards our dreams.",happiness
1313,The ghost story she told at the campfire was spine-chilling.,fear
1314,I had never expected that my cat would ever come back home.,surprise
1315,Yesterday I have seen licking child's face while he was bursting out laughing.,happiness
1316,It disgusts me when someone smells bad.,disgust
1317,When someone is disrespectful to someone else it makes me angry.,anger
1318,My mother feel quilty that I had a car accident last week.,sadness
1319,My mom is frustrated that my brother didn't pass his exam.,anger
1320,They feel sad when this song plays.,sadness
1321,She was disappointed with the results.,sadness
1322,The crunch of stepping on a bug makes my body shake out of disgust.,disgust
1323,"Raindrops trickled down the windowpane, mirroring the sorrow in her heart.",sadness
1324,Tears streamed down my mother�s face as I left for further studies.,sadness
1325,He couldn't help but smile every time he thought of the upcoming vacation.,happiness
1326,I hate it when it's really bussy at the gym.,anger
1327,I was shocked to find out my husband had been cheating on me.,surprise
1328,being awoken to a shadowy figure at the edge of my bed,fear
1329,Sitting by the lake when it's quiet makes me feel calm and happy.,happiness
1330,I'm so proud of my brothers good grades.,happiness
1331,He has a gun!,fear
1332,Seeing a smeared out turd on the street is disgusting.,disgust
1333,Meeting old friends after years brought immense joy to my heart.,happiness
1334,It can be scary to go for a walk in the park during the night.,fear
1335,I get pissed when my flights are delayed.,anger
1336,I'm in great remorse after yelling at my parents.,sadness
1337,I really like the flavor of this dish !,happiness
1338,"Whoa, that was crazy!",surprise
1339,"I tried to suppress my anger, but it bubbled up inside me like a raging inferno.",anger
1340,I got excited when my dad told me that we are going to Disneyland tomorrow.,happiness
1341,"The broken toy made the child frown, feeling a little bit of sadness.",sadness
1342,My boyfriend broke up with me.,sadness
1343,"Coming across a cruel comment online, I felt a wave of disgust for the anonymity that emboldens such harshness.",disgust
1344,The sight of cockroaches scurrying across the floor fills me with disgust.,disgust
1345,"Alex's heart raced when he got lost in the unfamiliar, dark forest.",fear
1346,I was blown away by her tallant.,surprise
1347,A weak mindset leads to weak men.,fear
1348,Darkness is my biggest fear.,fear
1349,"I so sad, I just finished my ciggarretes.",sadness
1350,Tom's smile grew as he opened the gift his wife had given him.,happiness
1351,I was shocked when I find out that my health condition isn't good.,surprise
1352,The overflowing trash can filled her with an immediate sense of repulsion.,disgust
1353,"The surprise party left him speechless, surrounded by friends and overwhelmed with joy.",surprise
1354,He gets enjoyment out of programming.,happiness
1355,She made me uncomfortable by talking about my dead dogs.,sadness
1356,"The persistent noise from the construction site next door kindled a simmering anger, disrupting my peace.",anger
1357,Seeing mold on bread immediately turns my stomach.,disgust
1358,Her heart skipped a beat as she walked into the dark and damp warehouse.,fear
1359,Seeing someone steal usually makes me aggresive and hateful,anger
1360,Eyes widened in astonishment as the curtain rose to reveal the breathtaking stage production.,surprise
1361,the birds chrip happly while flying from branch to branch.,happiness
1362,Watching a horror movie late at night left her afraid to turn off the lights. ,fear
1363,I was surprised with how quick we got there.,surprise
1364,He's feeling sad because his pet died,sadness
1365,Tonight were are going to celebrate my brothers birthday.,happiness
1366,Listening to music makes me feel great.,happiness
1367,"Sometimes the fear of failure can hold me back, but I push through it.",fear
1368,He felt betrayed when his secrets were shared without consent.,sadness
1369,The taste of spoiled milk made him recoil in disgust. ,disgust
1370,I'm mad at myself for forgetting the important meeting.,anger
1371,I was startled by my cat making noise in the middle of the night.,fear
1372,This movie usually makes me smile.,happiness
1373,Emily's eyes widened in delightful surprise at the stunning jewelry in the plain-looking package.,surprise
1374,I got furious when I had an argument with my sibling. ,anger
1375,Living far from my parents makes me feel lonely.,sadness
1376,I feel so bad when I see her.,sadness
1377,"After eating it for months, Johny felt grossed out by the idea of spinach soup.",disgust
1378,The wilted flowers in the vase mirrored the sorrow I felt within.,sadness
1379,Emma panicked when she realized she had lost her phone in the crowded mall.,fear
1380,I'm anxious when thinking about losing my close ones.,sadness
1381,"After losing his phone, he was in panic.",fear
1382,"The sight of the litter-strewn beach filled me with a sense of disgust, tarnishing the natural beauty.",disgust
1383,I live in fear.,fear
1384,Feeling alone in a crowd can be overwhelming.,sadness
1385,Sounds like the neighbor is really pissed off.,anger
1386,Thank you so much for your help.,happiness
1387,"Coming home to your wife and 1 loving daughter does fulfill most people, however this isn't the case for me..",sadness
1388,"With a startled exclamation, he dropped the letter, unable to comprehend its shocking contents.",surprise
1389,The unexpected thunderstorm caught me off guard and left me feeling scared.,fear
1390,The sight of the moldy bathroom disgusted me.,disgust
1391,I�ve been having a really hard time lately.,sadness
1392,How did you manage to get here?,surprise
1393,The smell coming from the musty clothes made my eyes water.,disgust
1394,I love the sound of thunder,happiness
1395,Being alone in the dark forest made my heart race with fear.,fear
1396,She's terrified of heights.,fear
1397,"I have no friends, this makes me feel lonely. ",sadness
1398,Stumbling upon an old friend in a foreign country was such a surprise.,surprise
1399,I get nervous arround my crush.,fear
1400,I'm so mad I lost my keys.,anger
1401,"Watching the leaves fall silently from the tree, I felt a profound sense of sadness, as if saying goodbye to an old friend.",sadness
1402,"If this baby cries the whole ride, I will lose my patience.",anger
1403,Losing my keys drives me crazy,anger
1404,I'm repulsed by the roaches in the basement.,disgust
1405,This was the best birthday I've had in ages!,happiness
1406,Mark's face twisted in disgust at the unidentifiable substance in his restaurant salad.,disgust
1407,Snow ocasionally falls in sahara desert,surprise
1408,The unpredictability of life never ceases to amaze me.,surprise
1409,I am glad that you passed your exam.,happiness
1410,I get excited when I see my dog.,happiness
1411,I�m feeling down.,sadness
1412,She was surprised when he came to visit her.,surprise
1413,Hearing the unexpected news about the job promotion shook me with excitement.,surprise
1414,I'm glad we managed to get tickets for my favorite band.,happiness
1415,The idea of eating raw oysters just fills me with repulsion.,disgust
1416,"Spending quality time with my cat, cuddling and playing together, brought a smile to my face.",happiness
1417,Every year i experience seasonal depression.,sadness
1418,I'm afraid of snakes when I walk in the jungle.,fear
1419,Some drivers on the road drive like they got their driver's license in kinder garden.,anger
1420,Winning the award was a moment of pure bliss.,happiness
1421,How are grapes allowed to exist?,surprise
1422,being encased in insects is a fearful experience,fear
1423,I hate it when someone interrupts me while I'm talking.,anger
1424,I'm happy when I'm with my friends.,happiness
1425,Missing someone I love makes me feel sad.,sadness
1426,The Doctor's results are worrying.,sadness
1427,Having no friends seems to be a lonely thing.,sadness
1428,Solving a problem after a long time is a great feeling.,happiness
1429,Hearing strange footsteps behind me on a deserted street made me panic.,fear
1430,Stepping in mud makes me feel gross.,disgust
1431,I feel guilty about the ice cream I stole as a kid. ,sadness
1432,Her ability to recall obscure facts never ceases to amaze her friends.,surprise
1433,"Your cat is so cute, I love him.",happiness
1434,She remained skeptical about the new product.,anger
1435,I love egg fried rice.,happiness
